No,URL,Last Modified,Jumlah Gambar
1,https://pringgondaniblog.wordpress.com/2017/08/20/tasyakuran-17-agustus-dan-perpisahan-kkn-unikama-2017-kelompok-3/,2017-08-20T05:08:44+00:00,1
2,PEMASANGAN PAPAN 10 PROGRAM POKOK PKK – desa pringgodani,2017-08-20T05:03:06+00:00,3
3,https://pringgondaniblog.wordpress.com/2017/08/10/posyandu-lansia/,2017-08-10T12:10:49+00:00,3
4,https://pringgondaniblog.wordpress.com/2017/07/25/penyuluhan-pentingnya-pendidikan-di-mts-bustanul-qurani-al-ihsani/,2017-08-10T10:59:50+00:00,5
5,https://pringgondaniblog.wordpress.com/kegiatan/,2017-08-10T10:58:54+00:00,0
6,https://pringgondaniblog.wordpress.com/2017/08/10/lomba-voly-se-kecamatan-bantur/,2017-08-10T10:51:11+00:00,2
7,https://pringgondaniblog.wordpress.com/2017/07/25/penyuluhan-imunisasi-campak-dan-rubella-oleh-puskesmas-wonokerto/,2017-08-02T08:32:52+00:00,1
8,https://pringgondaniblog.wordpress.com/2017/07/19/kuliah-kerja-nyata-kkn-universitas-kanjuruhan-malang-2016/,2017-08-02T08:28:12+00:00,9
9,https://pringgondaniblog.wordpress.com/potensi/perkebunan/,2017-08-02T08:23:31+00:00,0
10,https://pringgondaniblog.wordpress.com/kegiatan-desa/,2017-08-02T08:19:38+00:00,0
11,https://pringgondaniblog.wordpress.com/2017/07/25/bimbingan-belajar/,2017-07-25T08:13:54+00:00,4
12,https://pringgondaniblog.wordpress.com/2017/07/25/penyuluhan-pentingnya-kesehatan-gigi-di-sdn-pringgodani-01/,2017-07-25T07:28:25+00:00,6
13,https://pringgondaniblog.wordpress.com/2017/07/23/kuliah-kerja-nyata-kkn-universitas-kanjuruhan-malang-2017/,2017-07-25T07:03:52+00:00,5
14,https://pringgondaniblog.wordpress.com/potensi/pertanian/,2017-07-24T10:27:51+00:00,1
15,https://pringgondaniblog.wordpress.com/profil-desa/selayang-pandang/,2017-07-24T10:16:06+00:00,0
16,https://pringgondaniblog.wordpress.com/profil-desa/pemerintahan/,2017-07-24T10:15:14+00:00,3
17,https://pringgondaniblog.wordpress.com/profil-desa/visi-misi/,2017-07-24T10:14:34+00:00,0
18,https://pringgondaniblog.wordpress.com/profil-desa/,2017-07-24T10:07:22+00:00,0
19,https://pringgondaniblog.wordpress.com/,2017-07-24T09:06:35+00:00,2
20,https://pringgondaniblog.wordpress.com/potensi/,2017-07-05T08:40:28+00:00,2
21,https://pringgondaniblog.wordpress.com/2017/07/05/first-blog-post/,2017-07-05T07:38:51+00:00,1
22,https://pringgondaniblog.wordpress.com,2017-08-20T05:08:44+00:00,0